id,AUD,CAD,EUR,GBP,HKD,JPY,KRW,USD
0,21.011806,22.38095,32.887,37.056118,3.6049078,0.25491574,0.024231553,29.102655
1,20.939386,22.26109,33.301395,38.96639,3.4790373,0.26246136,0.021694161,28.163969
2,21.473295,22.65362,33.509758,39.094776,3.4846244,0.26031008,0.022106044,28.19203
3,21.16719,22.065239,34.086895,38.845604,3.533242,0.25627655,0.02335941,28.544964
4,20.415024,22.70532,32.86787,37.665,3.8146281,0.2791177,0.02310548,30.75422
5,20.920113,23.176062,33.78169,38.21454,3.8699207,0.2719944,0.025462955,31.178066
6,20.771944,23.078833,33.397354,37.730625,3.8388183,0.26580235,0.024040133,30.919172
7,22.111797,22.587873,33.940388,39.55069,3.5233505,0.26288408,0.0230164,28.395021
8,21.264107,22.970602,33.174294,38.888565,3.6216705,0.26905078,0.021349944,29.241972
9,20.57231,22.904825,32.97652,37.800602,3.7965164,0.28118894,0.022634737,30.571018
10,21.367203,22.418697,33.537823,38.839005,3.5218453,0.2597812,0.023376912,28.416674
11,20.37184,22.524181,32.801064,39.11175,3.7061203,0.27402043,0.022484027,29.83065
12,21.012962,22.849829,33.420456,39.044098,3.6750576,0.27363914,0.021382041,29.650711
13,20.384874,22.551203,32.92074,37.445908,3.7686958,0.26890832,0.024508566,30.392054
14,20.670662,22.137527,32.793125,38.006077,3.5287373,0.2574782,0.022591338,28.538225
15,20.716728,22.830303,33.487316,39.12977,3.7457356,0.27494615,0.023595989,30.173029
16,20.603525,22.56384,31.93634,36.481987,3.7356234,0.25420657,0.024388552,30.086687
17,20.949358,22.364573,32.489006,37.495667,3.5395055,0.25969878,0.022964314,28.567217
18,20.814594,22.747614,33.323795,39.04927,3.701976,0.27609167,0.022598512,29.801462
19,20.917261,22.041006,33.840656,37.99509,3.639171,0.2607163,0.025227658,29.430964
20,20.563526,23.071678,32.835506,38.436646,3.867196,0.27842924,0.023185149,31.12554
21,21.56644,22.54262,32.492237,35.986126,3.5836248,0.24885073,0.02354014,28.814053
22,20.865402,23.070732,33.88784,39.013588,3.7577271,0.2839774,0.022896335,30.249617
23,21.482347,22.525475,33.711258,39.081936,3.4962108,0.25765288,0.022913113,28.237104
24,21.05046,22.009226,33.671856,38.89571,3.5153165,0.25714612,0.022875018,28.39745
25,20.913055,22.92981,32.800602,38.333397,3.7049294,0.28299353,0.020589814,29.820831
26,21.885515,23.189665,32.353607,37.767326,3.6595583,0.2652938,0.021982476,29.406216
27,21.164785,22.341806,33.69999,39.24296,3.4903579,0.25952256,0.02221603,28.225155
28,20.32019,22.76779,33.040348,37.85256,3.8169403,0.2829603,0.022737712,30.767275
29,20.829748,23.147135,32.724136,37.399014,3.882612,0.27276963,0.022971489,31.222618
30,22.16464,23.048864,33.836246,38.503994,3.525084,0.25594652,0.023994498,28.385641
31,20.954947,22.241592,33.682568,39.37348,3.4602764,0.2632182,0.021678753,28.034664
32,20.471312,22.652338,32.557217,36.7374,3.7166698,0.2688243,0.023244724,29.967972
33,20.953579,22.181906,33.29525,38.476513,3.5398638,0.25962758,0.024019666,28.594694
34,20.165915,22.356058,33.326424,38.450245,3.7061908,0.276922,0.022295557,29.897493
35,21.073069,22.3575,33.022655,38.5748,3.5150197,0.26063538,0.022061773,28.410566
36,21.025784,22.277983,33.113308,37.744507,3.5811753,0.26064205,0.024238579,28.93686
37,20.651522,22.556997,33.252617,40.18408,3.6862855,0.2826531,0.020571567,29.645046
38,20.972813,22.314888,33.224407,38.856506,3.5304596,0.26179662,0.023040801,28.504807
39,19.698332,21.91913,32.789745,39.057358,3.6867535,0.26855254,0.022245467,29.748932
40,21.418287,22.195198,33.92648,38.75334,3.479471,0.25958452,0.02228573,28.132755
41,21.180798,23.513128,35.537403,41.43004,3.926535,0.2848739,0.022347428,31.528435
42,20.652893,22.222916,32.836884,38.124527,3.559593,0.25941876,0.023107149,28.7311
43,20.620972,22.746899,33.381508,38.984386,3.7473688,0.27518392,0.023364529,30.185715
44,21.461685,22.58015,33.61451,38.39966,3.564576,0.2625837,0.023886457,28.783016
45,21.856407,22.201494,34.050423,39.473064,3.497514,0.2618914,0.022823513,28.215294
46,21.929478,22.391294,33.92164,39.348003,3.4755485,0.2599651,0.022827119,28.032597
47,20.747475,22.746033,33.13592,38.752625,3.6935642,0.2731751,0.02301877,29.744278
48,21.23956,22.997904,32.642323,37.951077,3.706566,0.26392138,0.023396224,29.85657
49,20.849468,22.850723,32.393616,37.183346,3.800109,0.27678147,0.022697955,30.553368
50,21.524815,22.437008,33.388695,38.607845,3.5104697,0.25751698,0.023647062,28.30104
51,21.472668,22.753574,33.652596,39.307873,3.493379,0.26266852,0.022478081,28.255014
52,21.040525,22.158346,33.747887,38.640453,3.5304165,0.25658137,0.023609608,28.551332
53,20.696548,22.946426,34.659794,40.680283,3.7954717,0.28263444,0.021601953,30.53813
54,20.545435,22.911732,33.42027,37.178642,3.8003423,0.2738748,0.024058908,30.667841
55,21.613577,22.742504,32.443634,38.059067,3.601992,0.26404348,0.021960773,28.99312
56,21.10963,22.1964,32.952553,36.717823,3.621455,0.2503439,0.025328986,29.217709
57,21.21058,23.424105,35.131104,41.256958,3.885049,0.2857712,0.022399083,31.189386
58,19.765396,22.08493,33.557938,39.12557,3.7120237,0.2668099,0.023810208,29.96506
59,21.043682,22.334555,32.371075,38.035984,3.5868123,0.26599377,0.021773115,28.91381
60,21.571075,22.8073,33.283756,38.67752,3.650122,0.26569405,0.02174671,29.392868
61,21.522007,23.657063,33.23691,37.84889,3.9150438,0.2835624,0.023236625,31.429344
62,20.923624,22.10302,33.65563,37.35775,3.6167781,0.25360852,0.025482863,29.23111
63,20.770544,22.77503,33.274693,38.614174,3.7548535,0.2746191,0.02392812,30.263474
64,20.478186,22.09937,32.742645,37.66878,3.601124,0.26073816,0.024131037,29.121124
65,21.033016,23.673504,35.811485,42.463924,3.9422061,0.28377932,0.021752596,31.648954
66,20.58267,21.885,33.571262,38.05676,3.6017625,0.25665185,0.024842374,29.11115
67,19.758745,21.872957,32.495102,38.287586,3.6951673,0.26904282,0.02308622,29.840635
68,21.68774,22.785995,34.04854,39.62244,3.4636285,0.25986335,0.023264691,28.020788
69,20.971684,23.209488,33.609367,39.366955,3.836846,0.2895989,0.021445632,30.827864
70,22.020136,22.822084,33.695095,38.60365,3.4981863,0.2556379,0.023692675,28.191519
71,21.885023,22.332426,33.89162,39.677925,3.502269,0.26554525,0.022615552,28.24311
72,21.844988,22.27716,34.418747,38.143486,3.5377958,0.2567121,0.02471093,28.599974
73,20.935448,22.774885,33.661343,38.528652,3.785062,0.28611985,0.021688566,30.431831
74,21.197048,22.817049,32.102173,36.813007,3.650822,0.25442418,0.023293607,29.387781
75,21.870293,22.172733,34.23281,38.96894,3.5058856,0.25758153,0.02308236,28.292774
76,21.38914,22.725412,33.709267,38.98115,3.7315717,0.27457643,0.022253342,29.999706
77,20.79839,23.240911,34.1143,38.67785,3.9302943,0.27965856,0.02505152,31.642757
78,21.291721,22.008034,34.077736,38.5687,3.5806327,0.2593875,0.024812602,28.88945
79,22.049782,22.574694,33.927036,39.591686,3.5346334,0.26309425,0.023081958,28.473955
80,21.079136,22.786125,33.3431,39.111443,3.652531,0.27238968,0.021354288,29.477205
81,21.493744,22.491945,33.37474,38.362175,3.5249448,0.25489193,0.023940139,28.439857
82,21.256666,22.478363,34.701344,39.0859,3.6330304,0.26688132,0.024548307,29.320461
83,21.835455,22.869265,32.466362,38.092693,3.6107838,0.2658855,0.021568745,29.036701
84,21.192942,22.538162,32.69204,36.626366,3.6192524,0.25152674,0.024396658,29.167156
85,22.013657,23.016016,34.297516,39.708706,3.4474216,0.2582643,0.023403019,27.882133
86,21.329546,22.477577,32.89901,39.017708,3.5399776,0.27551973,0.0210936,28.571774
87,20.695175,22.758848,33.20046,38.863426,3.6941037,0.27057952,0.023371309,29.767206
88,20.525845,22.31463,33.369686,38.79757,3.6014333,0.26552543,0.023807079,29.093262
89,21.090559,22.425493,33.653786,39.30983,3.4731066,0.2615433,0.021929167,28.128052
90,21.28614,22.57756,32.799248,38.491467,3.5502193,0.26822814,0.021438606,28.646866
91,20.31842,22.666058,33.254593,37.902985,3.8068547,0.27458265,0.02323173,30.67588
92,21.240438,22.644697,32.788063,36.09183,3.6609275,0.25931412,0.024316832,29.460934
93,19.926924,21.924822,32.90763,38.718666,3.682425,0.2729691,0.021813259,29.721573
94,22.133856,22.253576,33.874153,39.230953,3.527179,0.26114166,0.02340126,28.412031
95,21.77939,22.471903,33.813892,39.53491,3.539942,0.2642019,0.02287329,28.528666
96,21.283815,23.13411,33.546417,39.29838,3.7063603,0.276065,0.021377228,29.844316
97,21.758314,22.61396,33.08892,37.521744,3.5325086,0.25068647,0.024360046,28.445213
98,21.817244,22.61925,33.963043,39.84494,3.524249,0.26678452,0.022753723,28.424768
99,20.634674,22.72779,33.149677,38.104324,3.8017623,0.2699412,0.023849778,30.608103
100,20.09766,22.266554,32.58051,36.78135,3.7378707,0.2599419,0.025671579,30.162434
101,21.32121,22.163132,33.68525,38.081646,3.5439863,0.25808272,0.023709789,28.648552
102,21.746344,22.916306,32.397083,38.359756,3.6641896,0.2780699,0.02088622,29.399105
103,20.83629,23.324928,34.590714,39.124218,3.9510388,0.28071776,0.023898572,31.784126
104,20.887983,22.71966,33.232357,38.84156,3.7059572,0.27681813,0.021936908,29.832043
105,20.656681,23.001686,33.49681,37.523804,3.8161316,0.28109074,0.024566934,30.77842
106,21.09798,22.084215,33.843327,38.16994,3.575312,0.25757617,0.024706185,28.899633
107,21.102917,22.182838,34.608624,38.869053,3.6261485,0.26334298,0.02511657,29.2951
108,20.39275,22.434242,32.555305,36.836002,3.7703626,0.25975975,0.025494099,30.393534
109,20.708612,22.10444,33.707207,37.670532,3.595313,0.2503912,0.025430426,29.101583
110,20.667574,22.667017,32.908203,38.55171,3.8306046,0.27980855,0.022478871,30.804031
111,21.791752,22.168074,33.754932,39.603474,3.5323088,0.26583704,0.023081698,28.445244
112,20.743952,22.72795,31.6072,35.722813,3.787604,0.2624253,0.02243492,30.386097
113,21.076437,22.449713,33.129486,38.421936,3.5673757,0.25956666,0.023948185,28.805252
114,20.76967,22.24458,33.95269,38.533363,3.5529473,0.25351617,0.02360373,28.764046
115,20.464966,22.03833,33.186813,37.598316,3.6453068,0.26065716,0.024215482,29.495737
116,22.325054,22.633715,34.45567,38.934223,3.5312204,0.2602552,0.02387321,28.504229
117,21.927643,22.164362,34.35209,38.934177,3.5041797,0.2574221,0.023714803,28.266632
118,21.517326,23.12698,32.008408,37.13691,3.7606447,0.28066072,0.020772763,30.124998
119,21.707724,23.398014,31.887405,36.417458,3.8227575,0.26423466,0.021737888,30.579987
120,21.507998,23.294048,34.329525,40.514954,3.700093,0.2747146,0.02203513,29.80396
121,19.749115,22.041292,32.29617,37.349216,3.7160997,0.25813302,0.024736471,30.013542
122,19.686996,21.848167,32.31819,37.7949,3.704749,0.2664934,0.02406364,29.946787
123,20.843723,23.207884,34.446766,38.710323,3.9227223,0.28092068,0.024454564,31.580158
124,21.345903,22.235407,34.09824,39.343292,3.4817748,0.26074028,0.022475503,28.154274
125,21.083973,22.711407,34.002144,40.793816,3.723221,0.28464913,0.021490015,29.91198
126,20.326145,22.502138,32.788105,37.16133,3.8036559,0.27317002,0.024271987,30.677032
127,21.257437,22.529432,33.312225,38.69649,3.5112765,0.2590244,0.022730827,28.376276
128,20.484272,22.063866,32.802155,38.597736,3.6418958,0.2760493,0.021260642,29.331997
129,20.10928,22.304688,32.994015,38.650963,3.6925766,0.26878545,0.024230145,29.81576
130,20.986897,22.102896,34.331646,38.776764,3.6307027,0.26398677,0.025426857,29.34627
131,20.856232,22.975302,32.069054,36.540802,3.7360046,0.27355993,0.021460615,30.04308
132,20.618305,22.242817,32.760437,36.83571,3.6409142,0.2540997,0.02407761,29.4096
133,22.00391,23.066582,34.2607,39.5247,3.4775097,0.256172,0.023098715,28.126871
134,20.893673,23.498535,35.294174,41.01608,3.9347804,0.28884932,0.021971554,31.583845
135,20.9295,22.441175,33.24995,38.876,3.514133,0.26282415,0.022262394,28.416336
136,21.29347,21.921165,33.968967,38.64818,3.5327482,0.25797114,0.02330371,28.513699
137,20.522753,22.441721,33.371372,39.680336,3.7028143,0.27837667,0.021481492,29.803911
138,21.411987,23.222973,31.781006,36.877758,3.7697847,0.27137622,0.021806844,30.218006
139,22.007772,22.162497,34.029556,39.41248,3.5118823,0.26247588,0.022977434,28.300156
140,21.819382,22.32836,33.977757,39.409508,3.5186396,0.26028892,0.022862583,28.372068
141,21.026085,22.889393,33.538322,38.328056,3.7982125,0.28494945,0.02218856,30.531626
142,21.28193,22.327108,33.420147,38.761925,3.5167592,0.2616873,0.023385748,28.367136
143,21.653791,22.833773,32.701256,37.97585,3.5738387,0.26374045,0.021997854,28.784843
144,21.491568,23.34504,34.69439,40.793648,3.7989047,0.27871847,0.02260618,30.519018
145,20.478182,22.41699,32.647663,37.096134,3.6816738,0.2522973,0.024662428,29.71905
146,20.909306,23.025612,33.579273,38.858063,3.7557504,0.27737716,0.024222888,30.28087
147,20.631231,21.96063,33.51271,37.97819,3.6421967,0.2622766,0.024815895,29.464455
148,21.299126,23.371302,32.602802,37.618267,3.8974307,0.27053925,0.023723431,31.276344
149,20.995237,23.319971,33.432766,37.42044,3.9080293,0.27240184,0.023051195,31.407166
150,20.320879,22.64191,33.05689,37.370186,3.794,0.26482138,0.023766503,30.597075
151,20.291218,22.469965,32.66585,38.605587,3.710466,0.2693598,0.023550384,29.914526
152,21.908775,22.950882,33.053402,36.974415,3.5691595,0.25948545,0.02304241,28.71124
153,21.02635,22.813467,33.259773,37.875893,3.7035248,0.27995387,0.021934807,29.822819
154,20.639439,22.986622,33.45572,37.737896,3.8352473,0.2740684,0.024448566,30.91555
155,21.53127,23.255398,31.709948,36.60023,3.7636638,0.26521137,0.021988146,30.147549
156,20.82065,22.175613,33.979374,39.188683,3.6462703,0.2700426,0.022931889,29.35424
157,21.591051,22.340237,33.76577,37.80738,3.5475025,0.25608253,0.02381152,28.673883
158,21.041698,23.332384,34.894466,40.258827,3.8889234,0.28776664,0.02279365,31.24079
159,21.142235,23.219397,32.265945,37.040604,3.888756,0.26526573,0.021935642,31.180899
160,21.06682,22.418514,32.694546,36.74678,3.610809,0.25774792,0.024118617,29.115648
161,20.5961,22.770748,33.86722,39.260853,3.7921557,0.28493002,0.021470562,30.515682
162,20.820623,22.322813,32.87948,38.232864,3.5373478,0.26070502,0.022936694,28.577724
163,20.754488,22.13701,33.997246,38.39891,3.5835378,0.25636876,0.024124093,29.008097
164,20.361088,22.107244,32.897614,36.46092,3.6852872,0.25200987,0.025431335,29.796638
165,20.723028,22.641167,33.155777,37.85944,3.769289,0.27866805,0.022163525,30.37704
166,21.393255,23.09898,31.654284,36.485203,3.763891,0.26289088,0.022155128,30.165474
167,20.832493,23.0064,33.6003,37.48423,3.7982779,0.28156725,0.0241438,30.631617
168,21.72751,22.762186,33.80314,38.87133,3.454899,0.25848907,0.02204337,27.952707
169,20.627571,22.618383,33.480553,39.93595,3.6850588,0.28210825,0.021060035,29.651249
170,20.93309,23.143877,32.52069,37.330284,3.8650641,0.2758362,0.02366142,31.058083
171,20.842434,22.692688,32.427624,36.44268,3.7426994,0.2575436,0.023912206,30.14606
172,20.89701,23.11513,34.05646,38.45341,3.8968172,0.27436835,0.02280137,31.32786
173,20.66389,23.215137,33.13626,37.91906,3.8995628,0.27626333,0.022879153,31.38752
174,21.036139,22.436296,32.820454,37.648346,3.5489674,0.26008537,0.023444675,28.619612
175,21.913658,22.628819,33.96909,39.25917,3.4720216,0.25632587,0.022823937,28.04618
176,21.960962,22.760324,34.200882,38.622314,3.5383072,0.25667447,0.024156287,28.579638
177,20.898352,23.098122,34.45465,39.726112,3.7841527,0.28753087,0.022159226,30.442362
178,21.100878,22.329512,33.582005,38.936005,3.5297081,0.26048192,0.023177609,28.504507
179,20.431551,22.15576,33.501408,38.251347,3.6522923,0.2659983,0.023784354,29.519424
180,20.030764,21.888342,32.96736,38.37152,3.6840003,0.27045378,0.023396738,29.762228
181,20.845646,22.167295,33.239033,38.59243,3.5437653,0.2598915,0.024050638,28.62148
182,20.892023,23.473368,35.49436,41.220078,3.9447331,0.2873318,0.021974184,31.660292
183,20.350737,22.664711,32.83542,37.241257,3.8021278,0.26528603,0.023787357,30.65486
184,21.017231,22.41461,33.414555,39.26556,3.4786003,0.26521638,0.021822385,28.188633
185,20.909409,22.8838,33.327938,38.400505,3.7644405,0.28281507,0.021810092,30.301294
186,20.894356,21.971872,34.39574,38.86908,3.6415942,0.26359642,0.025728919,29.426022
187,22.261686,22.256653,34.178276,39.652203,3.5176575,0.2630649,0.023120336,28.33115
188,21.665628,23.237116,31.503845,36.098682,3.7868075,0.26013985,0.02152519,30.283665
189,21.980597,22.504902,33.67498,37.359962,3.549427,0.25544816,0.024639092,28.580929
190,21.670328,22.713215,32.71698,38.183796,3.5820284,0.26552734,0.0217641,28.826298
191,21.998606,22.236725,34.54196,38.56442,3.5030577,0.25169086,0.023694463,28.29498
192,20.39568,22.673347,32.588425,37.219883,3.7679138,0.26853397,0.022769697,30.383883
193,20.20453,22.370415,32.277363,36.789448,3.6967347,0.2677561,0.023810461,29.822128
194,22.187769,22.305391,34.354046,38.4027,3.5306785,0.2540219,0.024347268,28.473978
195,22.20396,22.913118,34.13604,39.43777,3.4703994,0.25719276,0.022995636,28.015635
196,20.548811,23.062445,33.11287,37.713863,3.861836,0.27134615,0.022937834,31.108982
197,20.523087,22.413445,32.305275,35.532978,3.7260673,0.25323915,0.023999482,30.030626
198,21.254354,22.123222,34.234528,38.089554,3.6024158,0.2564521,0.02545666,29.129337
199,20.559736,22.561573,32.66674,37.110363,3.795914,0.2680263,0.024061061,30.593851
200,21.17682,22.647663,32.83131,38.84947,3.6057646,0.26912278,0.020429045,29.10523
201,20.92109,22.718767,33.094833,37.93707,3.6908042,0.26883444,0.02394437,29.744144
202,20.344173,22.708635,33.182293,37.975243,3.8265522,0.28105113,0.023569956,30.837246
203,20.96226,22.21964,33.607655,39.277565,3.4941869,0.2627667,0.022222437,28.26081
204,20.79247,23.081457,34.05081,39.01584,3.889067,0.26791793,0.025335006,31.29779
205,21.294132,22.160269,33.976303,37.56279,3.6215615,0.2514532,0.025132,29.242569
206,20.470135,21.966194,33.38098,38.23073,3.6450417,0.2687313,0.023375392,29.440504
207,20.757648,22.699741,33.06609,38.526264,3.6923578,0.26851398,0.023984596,29.778175
208,20.880035,22.517673,32.865593,38.065166,3.610656,0.25963768,0.024490155,29.152365
209,21.050161,23.298044,34.24517,38.589848,3.7887464,0.28595388,0.022962987,30.515625
210,21.209003,23.414524,32.97176,37.689205,3.93703,0.27485186,0.023174591,31.613317
211,20.764227,22.730534,32.43801,36.44562,3.788098,0.25894636,0.02390524,30.493828
212,21.21769,22.268406,34.07622,38.8478,3.4694583,0.25437105,0.02238816,28.088211
213,20.832169,21.972576,33.20704,38.72145,3.4967535,0.25764024,0.021416701,28.290657
214,21.535679,22.295864,34.182037,38.121506,3.4903536,0.24443309,0.023428299,28.254591
215,20.448803,22.540215,32.659294,39.054955,3.7181869,0.27671215,0.02247551,29.908504
216,21.088018,22.560642,32.853714,36.652378,3.6425707,0.25338492,0.024562784,29.357138
217,21.188316,22.441507,33.392498,39.07311,3.473955,0.26401538,0.02210296,28.11921
218,20.768326,22.63268,33.15641,38.006763,3.755772,0.27756396,0.022733487,30.250336
219,20.722496,22.606455,32.54127,36.649216,3.7606595,0.26336637,0.023998082,30.302507
220,20.825035,22.354692,32.43632,35.75464,3.6880238,0.25307283,0.024823628,29.712769
221,20.790203,23.007673,33.98259,37.930428,3.793798,0.28227696,0.023395762,30.595617
222,21.028637,23.270702,32.67286,37.501728,3.9152303,0.2744698,0.023087762,31.445078
223,21.0464,22.894777,31.879564,36.376755,3.8011894,0.25845626,0.02302093,30.509026
224,21.094288,22.433088,33.459274,38.92348,3.4783678,0.26024666,0.022312976,28.165497
225,21.060213,22.379045,33.237373,39.095116,3.5042734,0.26519042,0.021326132,28.355434
226,21.119877,22.443481,34.8205,38.994484,3.6325762,0.26088944,0.0250763,29.34707
227,20.676846,22.67015,33.343647,38.863476,3.7510247,0.27486047,0.023992836,30.236486
228,20.771969,23.083607,33.321854,38.093918,3.8520145,0.2798881,0.02304256,31.044909
229,21.816696,22.939316,32.843246,36.36364,3.5906017,0.2512276,0.023515128,28.855247
230,21.052921,22.447977,33.435966,39.20087,3.474745,0.26716244,0.02187705,28.138813
231,20.959867,23.12623,33.95975,37.67119,3.7979496,0.28222945,0.023737527,30.632296
232,21.54185,22.641928,33.473694,37.101704,3.5945086,0.25833014,0.024204187,28.97724
233,21.008095,22.188042,33.498302,39.289185,3.5115197,0.26019734,0.0217776,28.386045
234,21.742615,23.004837,32.622288,38.4426,3.6336155,0.27520964,0.021132559,29.214966
235,20.91325,22.094406,32.954437,38.530914,3.4808545,0.2599092,0.02135697,28.177227
236,21.414322,22.67585,33.08479,36.938038,3.5845368,0.26080874,0.023383364,28.89962
237,20.972715,22.617605,33.39541,39.03116,3.6813471,0.27854353,0.021973975,29.599304
238,20.827158,22.665712,32.63579,36.98454,3.7704263,0.26669928,0.024025418,30.373102
239,20.621407,23.120794,34.24502,38.830086,3.9288747,0.27745962,0.024172954,31.625393
240,20.668163,22.658072,32.745438,36.84013,3.7669299,0.27121964,0.022866972,30.370403
241,20.633148,22.64973,32.583645,36.87786,3.7851236,0.2671124,0.02398584,30.498026
242,20.388931,22.641193,32.97696,37.297466,3.8018582,0.26742163,0.024629846,30.662708
243,21.912102,22.111843,34.29154,38.620777,3.5211985,0.2563147,0.023756482,28.408016
244,21.584415,23.359507,35.355778,40.722733,3.7881653,0.2723423,0.023364194,30.497948
245,20.276672,22.574837,33.35387,37.19958,3.804951,0.26359975,0.024285145,30.699234
246,20.988752,22.122095,33.48057,38.883163,3.5145664,0.2617162,0.022848628,28.390688
247,21.770838,22.217651,33.86524,39.606537,3.50747,0.2646529,0.022639677,28.282347
248,20.421646,21.992208,32.424118,36.99647,3.6160939,0.2534107,0.024477907,29.224342
249,21.64382,22.417295,33.839848,39.126163,3.4957163,0.2572004,0.02243258,28.245586
250,21.353514,22.368826,33.724735,39.352844,3.4877706,0.26187575,0.022407278,28.170233
251,20.834085,22.216763,33.743263,39.53671,3.4821122,0.26187354,0.021724038,28.18984
252,20.694233,22.376188,32.76837,38.053295,3.5896153,0.2596496,0.024112351,28.991198
253,20.798819,22.24794,34.07572,38.589508,3.5689988,0.25466326,0.023434088,28.89195
254,20.332918,22.590265,33.12948,37.715023,3.8209317,0.2816078,0.022796303,30.802858
255,21.632471,22.69732,33.88585,39.415558,3.5089965,0.25948253,0.02314172,28.328115
256,20.172749,22.562061,32.708504,37.344265,3.7867835,0.26252586,0.024207287,30.540216
257,20.063519,22.476004,32.4584,37.936962,3.7458413,0.26466352,0.023854367,30.196407
258,21.20832,23.506233,33.076305,38.28624,3.9528565,0.2790378,0.024231337,31.74887
259,20.986773,22.111555,33.97538,38.22214,3.577438,0.25590113,0.02456738,28.93101
260,21.019636,22.784023,31.686615,35.37802,3.7106047,0.2535801,0.022623815,29.782389
261,21.202019,22.504387,33.04309,38.23325,3.4957023,0.25663885,0.022357002,28.26548
262,20.706135,22.840296,33.48556,39.01403,3.745829,0.27967143,0.022702493,30.154316
263,20.607012,22.87234,33.336933,37.264893,3.7886353,0.27753788,0.024119548,30.576221
264,20.608814,22.616032,32.536175,36.909874,3.7792444,0.26577178,0.02394355,30.449512
265,21.101973,23.323923,32.885246,37.619534,3.9134016,0.27390146,0.023935162,31.44789
266,20.947254,22.148031,33.487827,37.304317,3.596167,0.25303304,0.025079653,29.055218
267,20.722254,22.482576,32.604095,36.968586,3.7313786,0.26710683,0.023115799,30.083641
268,21.29338,22.835682,32.922337,38.7387,3.6023748,0.2686176,0.020768672,29.084429
269,21.471079,23.322443,32.059372,36.62253,3.80317,0.2740552,0.021278135,30.479841
270,20.512949,22.736692,33.105175,36.979786,3.7779608,0.2668871,0.024476826,30.471191
271,20.41203,21.931026,33.183804,37.821884,3.6454444,0.2613243,0.024491057,29.486156
272,21.37947,22.679073,34.87808,39.891598,3.5984695,0.26556265,0.024394698,29.035452
273,21.659653,22.271933,33.985916,39.156902,3.524536,0.26000875,0.023387358,28.448624
274,20.802862,22.13326,33.976784,38.623802,3.5606186,0.25791788,0.023714416,28.78163
275,21.792797,22.866135,32.30319,37.901485,3.6278741,0.26816526,0.021353424,29.149807
276,21.295101,23.077736,32.01096,36.67038,3.7984915,0.27466425,0.022320919,30.445953
277,20.445847,22.534706,32.866684,36.87922,3.7729182,0.2587625,0.025711223,30.437872
278,19.515177,21.894949,32.550106,38.315258,3.7192469,0.2641422,0.023250863,30.044588
279,21.355497,22.671412,33.44114,39.12341,3.532847,0.2609835,0.022944108,28.528147
280,20.897694,22.332012,33.577885,38.48387,3.5515454,0.25628692,0.023726791,28.732653
281,20.921278,22.915405,33.621376,39.201305,3.7082107,0.27818054,0.022016607,29.866493
282,20.850405,22.138798,32.886974,38.72825,3.5494273,0.26413664,0.022721112,28.651712
283,21.565937,23.275612,31.923166,36.731174,3.7533875,0.27463686,0.021280266,30.071869
284,21.155071,23.285803,33.38258,38.9147,3.7492292,0.281166,0.020978779,30.210423
285,20.72844,22.281721,31.538382,35.33747,3.6139383,0.2528324,0.023369648,29.06714
286,21.58483,22.171762,34.445114,38.66927,3.4973247,0.24990597,0.023410648,28.28922
287,21.574356,23.286243,32.398636,36.711864,3.8782206,0.26440617,0.022155337,31.067991
288,20.967787,22.298119,33.199135,38.012836,3.5659902,0.2574729,0.024002686,28.826618
289,21.001211,22.31636,33.53316,39.05343,3.4671986,0.25975755,0.021855913,28.093065
290,20.868057,23.08304,33.76443,38.968456,3.7433515,0.28114763,0.022779226,30.14448
291,22.099085,23.03795,34.280334,39.595955,3.4928875,0.25660753,0.023706473,28.184788
292,20.610994,22.54138,32.332424,36.697575,3.7630556,0.26134986,0.024090022,30.31964
293,21.21499,22.261263,34.218987,37.613758,3.6512861,0.25243622,0.026677996,29.528822
294,20.508823,22.711317,33.606647,38.58518,3.8087513,0.2838175,0.022460617,30.681225
295,19.393656,22.17494,32.924572,38.88773,3.7531517,0.2707693,0.021805711,30.27833
296,20.866795,22.656525,33.531155,39.785427,3.6190727,0.2732555,0.021132737,29.210787
297,20.808567,22.099081,33.66464,37.91009,3.6545355,0.2599374,0.025567688,29.549221
298,21.319557,22.879042,32.243683,37.486786,3.6803377,0.26922655,0.021757312,29.593872
299,21.615658,23.316765,32.08633,36.59422,3.8579261,0.26409146,0.022130907,30.880974
300,21.921556,23.584717,35.172516,41.249428,3.8017547,0.2780201,0.022892155,30.552338
301,20.156471,22.396454,32.688484,36.891266,3.7774975,0.26017544,0.023968719,30.477316
302,21.030098,21.879963,33.761738,38.291004,3.559706,0.2553716,0.02449727,28.758856
303,21.00092,22.117085,34.456955,38.668148,3.6280231,0.26271176,0.025130533,29.33002
304,21.268076,22.909708,33.449512,38.906906,3.7141528,0.27980903,0.022488616,29.860872
305,21.799742,22.158503,33.821102,39.09692,3.546941,0.26257804,0.024170183,28.603613
306,20.779253,22.666805,33.24778,39.016212,3.6940563,0.27870002,0.022440135,29.713537
307,20.344244,22.107359,33.050255,37.557827,3.6626208,0.2633937,0.024450682,29.627808
308,20.458519,22.300606,33.018578,37.671627,3.6951585,0.26489875,0.024607062,29.865559
309,20.849428,22.655432,33.458427,39.97298,3.7232583,0.2778379,0.022989742,29.983248
310,21.150429,23.069334,31.782867,36.70504,3.7664695,0.2713946,0.02185192,30.21861
311,21.071661,22.88128,33.404366,39.237698,3.6947553,0.2715008,0.023986317,29.77565
312,20.93157,22.689316,31.403511,35.18345,3.71665,0.25946575,0.022316515,29.800406
313,21.018618,22.444489,33.671745,39.24651,3.4691489,0.2614163,0.022035114,28.117147
314,20.86558,22.201693,33.22402,39.08394,3.4786189,0.26350948,0.021172166,28.182903
315,20.736551,23.129663,34.43116,39.43429,3.8923252,0.27750808,0.02322942,31.28705
316,21.19849,22.506008,33.411613,39.255295,3.5131316,0.26182532,0.021457195,28.436308
317,21.277082,23.117733,32.048763,36.926987,3.7331038,0.2801669,0.020683333,29.965834
318,20.673534,23.229507,34.320377,38.479267,3.9107616,0.28528458,0.023896039,31.491938
319,21.838402,23.417452,31.942364,36.73734,3.7717326,0.26175892,0.022328064,30.191216
320,21.502548,22.666235,32.957443,38.631924,3.6044183,0.26762715,0.021718204,29.016056
321,20.199692,22.828115,33.419674,37.230354,3.7574835,0.27193674,0.023403518,30.352926
322,20.993155,23.398073,33.109333,38.217422,3.9461324,0.27724156,0.023549654,31.731262
323,20.13289,22.218805,33.043526,37.42682,3.7074187,0.2673644,0.024279147,29.980862
324,21.410404,22.562891,34.56647,39.328644,3.5565274,0.26090163,0.02424483,28.738527
325,21.294693,23.073902,32.297264,37.359093,3.7786934,0.27822822,0.020731494,30.343142
326,21.482418,22.552717,34.682377,38.705982,3.6387258,0.2627065,0.025819898,29.381765
327,20.683662,22.989412,33.65413,38.440624,3.858396,0.27383408,0.023886614,31.062471
328,20.83426,22.825392,33.140488,38.43957,3.7265408,0.2722296,0.023981884,30.035027
329,21.156992,23.209568,34.090908,39.51064,3.8316877,0.2771502,0.024574436,30.853739
330,20.971172,22.896002,32.117695,36.68083,3.7139156,0.25740024,0.02309829,29.878275
331,21.081161,22.233618,33.608463,39.25745,3.4853868,0.26220074,0.022082359,28.194075
332,20.498957,22.80465,33.19126,37.025776,3.7399132,0.27137938,0.023822859,30.156086
333,19.646347,22.056896,32.44916,38.08164,3.7369664,0.27314574,0.022154406,30.194948
334,21.108912,22.12206,34.333786,38.785065,3.636831,0.26253262,0.02562002,29.380493
335,19.882973,22.014294,32.76479,37.581165,3.7004848,0.26573488,0.02406197,29.931574
336,21.604725,23.531176,34.02097,39.366066,3.7185817,0.27691367,0.022292934,29.953499
337,20.45082,22.531425,32.54041,36.86514,3.7295606,0.26204634,0.02468738,30.073013
338,20.98717,22.265867,33.45757,39.066544,3.526339,0.2624669,0.02326265,28.469433
339,21.148958,22.523304,33.37061,38.743675,3.4759593,0.2575848,0.021998785,28.165016
340,20.768345,22.863503,33.93501,40.132572,3.7034047,0.27472755,0.02095867,29.869598
341,20.369532,22.36303,32.946457,37.745506,3.7225492,0.2589568,0.025012232,30.051147
342,20.916658,22.93205,31.682325,36.62759,3.774223,0.2713208,0.021876983,30.298847
343,21.125793,22.498014,33.195995,38.445724,3.4950213,0.25744322,0.022375435,28.288845
344,20.609236,22.926254,32.41659,37.308918,3.7528229,0.28247142,0.022131577,30.177792
345,20.503706,22.626122,32.525593,37.424236,3.7899232,0.2725722,0.023515582,30.53648
346,20.614,23.11433,34.24891,38.775978,3.9310272,0.27817383,0.024391182,31.655224
347,20.799643,22.822166,33.408817,39.401226,3.766171,0.27751654,0.023776308,30.33963
348,20.873182,22.27308,33.219276,38.050316,3.569984,0.25869784,0.024053678,28.861416
349,20.267302,22.39598,33.346924,38.53621,3.6836355,0.27500176,0.021897241,29.7251
350,21.935354,22.97405,32.512806,38.027504,3.620863,0.25899836,0.022412367,29.131767
351,21.47475,23.237501,31.732285,36.58667,3.7576587,0.27504638,0.02121374,30.094828
352,21.413342,22.2808,34.282257,39.00239,3.473172,0.25635454,0.022765279,28.101711
353,21.145641,22.873644,34.001858,39.31481,3.7346332,0.28220776,0.022389606,30.03716
354,21.546677,23.293056,32.354134,37.280216,3.713848,0.2682976,0.022261351,29.837353
355,20.774498,23.262848,34.6756,38.793114,3.9211693,0.28193828,0.023679733,31.559511
356,20.119587,22.651346,33.23526,38.02964,3.8584971,0.27557018,0.021925703,31.04225
357,21.528807,22.560442,33.610912,38.754482,3.5254273,0.25730047,0.024167627,28.453623
358,20.532953,22.90678,33.958656,39.05431,3.7941806,0.2872823,0.021871522,30.540855
359,21.183561,23.316578,32.63686,37.11358,3.890592,0.2680852,0.022194535,31.210588
360,20.488047,22.75348,32.53262,36.915386,3.7795072,0.26156753,0.022973284,30.447971
361,20.512354,22.640303,33.01439,36.79314,3.7135093,0.2668743,0.024478555,29.976332
362,20.7022,22.46737,32.469963,36.89661,3.732269,0.26509959,0.023318745,30.09133
363,21.536676,22.597458,33.738163,39.146366,3.4987445,0.25844625,0.022902481,28.25536
364,21.237955,22.422392,33.92229,37.928627,3.676867,0.26212075,0.025746785,29.694658
365,21.570322,22.068932,34.083656,38.77992,3.5239697,0.2590206,0.023430094,28.457182
366,21.095781,22.297915,32.625698,38.477158,3.5785816,0.27278367,0.021056816,28.826529
367,20.755362,22.741951,33.287167,38.626274,3.7306693,0.27196842,0.02394516,30.079222
368,21.883589,22.303465,34.361748,39.229347,3.5054092,0.25613704,0.022994876,28.30742
369,21.1723,22.751406,32.630806,38.08491,3.7010393,0.28342295,0.02079551,29.722649
370,21.17493,23.1895,32.53248,36.47816,3.8319244,0.27163067,0.0225946,30.754307
371,20.431826,21.950544,33.18657,37.973305,3.6479146,0.26380116,0.024339817,29.493458
372,20.256254,22.246477,31.937403,36.495304,3.714672,0.2573847,0.02505014,29.941761
373,20.907846,22.027395,33.272053,38.674465,3.5317054,0.26013955,0.023853503,28.517775
374,21.866804,22.362314,33.909893,39.683678,3.500467,0.26410973,0.022509217,28.241848
375,20.62877,22.932924,33.531414,37.653736,3.7609022,0.2789361,0.02366785,30.352283
376,20.649963,22.227505,33.42504,37.94462,3.6148453,0.2609023,0.024722897,29.231544
377,20.640953,22.650347,33.163654,38.214355,3.7736266,0.28084373,0.021686688,30.39888
378,21.453165,23.256227,31.90521,36.682278,3.8293672,0.26396355,0.022262163,30.671022
379,20.884947,22.389854,32.934006,37.99755,3.492822,0.25565347,0.022022866,28.29407
380,21.751738,22.59826,33.703217,38.25318,3.53927,0.25761613,0.024048105,28.570843
381,21.774494,22.263077,34.554092,38.848354,3.4850383,0.25212222,0.023620196,28.17803
382,21.331467,22.396872,34.627327,39.267277,3.6386878,0.27029034,0.024311617,29.33431
383,20.428045,22.66411,32.565426,38.60102,3.742151,0.27531317,0.023077548,30.117212
384,20.502523,22.424635,33.475395,39.571114,3.674876,0.26823038,0.022029072,29.654
385,20.904987,22.456488,32.49043,37.09614,3.71548,0.2566691,0.024396777,29.953444
386,20.710386,22.591354,33.161312,38.72434,3.710062,0.26959,0.023940824,29.916641
387,21.416624,22.400698,34.596756,39.14329,3.638382,0.26537713,0.025220044,29.366255
388,20.976694,22.631739,32.177814,36.483044,3.5974119,0.2609934,0.022842608,28.983984
389,21.942865,22.68659,34.04902,39.603104,3.5039616,0.26105607,0.022506714,28.30592
390,20.958416,23.5063,35.51558,41.03494,3.9606655,0.28770703,0.022679053,31.78575
391,20.732502,23.012123,33.472046,37.501247,3.8157368,0.27967426,0.023518763,30.766962
392,20.645477,22.954763,33.174564,38.1113,3.8297544,0.2795199,0.022970341,30.863018
393,20.342443,22.546757,31.832632,35.974747,3.723148,0.26019445,0.023712322,29.979158
394,22.016735,22.234982,34.11539,38.635204,3.5302448,0.25794727,0.02409865,28.455559
395,21.172604,22.89389,32.205936,37.07141,3.6918998,0.2736951,0.021682695,29.673878
396,20.43907,22.805885,33.354736,37.67575,3.8710594,0.2734054,0.022757806,31.162344
397,20.790508,22.531477,32.40717,36.75908,3.7635987,0.2560695,0.024620757,30.33077
398,19.493721,22.145456,32.74736,38.220615,3.7335854,0.26792434,0.023236468,30.151234
399,20.651173,23.030127,33.301796,37.369617,3.80919,0.27980754,0.023860902,30.71942
400,21.27964,22.580608,33.675495,39.826443,3.647138,0.2726772,0.022101082,29.343462
401,20.385923,22.68979,33.259953,38.088882,3.788433,0.27655205,0.023899749,30.542435
402,21.229034,23.084078,31.82349,36.79404,3.7677608,0.2678938,0.021802798,30.227001
403,20.387104,22.093409,33.187496,37.585117,3.6506023,0.26076958,0.024511576,29.53875
404,20.568449,22.717985,33.035362,39.071373,3.7418633,0.27544078,0.023826495,30.142899
405,20.556416,22.827833,33.404884,38.66869,3.8155727,0.27944377,0.023821287,30.7331
406,21.075186,22.337715,33.428783,38.876205,3.5239105,0.26244083,0.023040257,28.452154
407,19.56942,21.965061,32.899693,39.46375,3.717591,0.2687798,0.021936953,29.971449
408,21.471619,23.674824,34.197044,39.680904,3.8949456,0.2906175,0.023183033,31.255974
409,20.4307,22.233639,32.75964,37.775093,3.63902,0.25684914,0.022891082,29.343777
410,21.056795,22.309256,34.72095,39.13093,3.6221673,0.26343778,0.024616301,29.25656
411,20.719227,22.745886,33.087963,38.706474,3.70494,0.2718765,0.023465902,29.860867
412,21.288248,22.882668,31.469038,35.654594,3.8000767,0.252942,0.021135345,30.40189
413,20.211481,22.58018,33.06484,37.81043,3.6998196,0.27014303,0.023724064,29.862656
414,20.263512,22.538733,33.461823,38.16739,3.8063853,0.27910617,0.023439765,30.6938
415,20.65712,22.92677,33.728054,38.18648,3.8543723,0.26862508,0.024708994,31.044287
416,20.707352,22.628067,32.7024,37.027313,3.7566159,0.26703027,0.023502253,30.279305
417,20.961935,23.039782,33.977493,38.241936,3.8247185,0.26934576,0.025482863,30.832558
418,20.659153,22.86142,33.462097,37.288258,3.796065,0.2732786,0.023979656,30.624249
419,20.757305,23.234718,34.408955,38.82239,3.9391704,0.28082544,0.023616888,31.700506
420,20.943008,22.939888,32.24715,37.17937,3.7746127,0.27610093,0.022233635,30.337465
421,20.84356,22.395735,32.362167,36.35188,3.7260547,0.247219,0.025379881,30.035116
422,20.809822,22.604538,33.279385,39.583572,3.7263415,0.27307752,0.024358928,30.021252
423,21.09297,22.282068,33.571663,39.420204,3.5001397,0.26322892,0.022394016,28.273403
424,21.053564,22.250177,32.751476,37.800804,3.5724392,0.26023144,0.02395545,28.839283
425,20.782843,23.058773,34.329315,40.060745,3.8022532,0.28748,0.02175755,30.585983
426,21.2625,23.231386,32.414204,37.11593,3.886335,0.2663684,0.022490352,31.167759
427,20.937756,22.34496,33.33369,38.6131,3.5055215,0.25918227,0.022510521,28.361444
428,20.780704,22.772484,32.270096,36.281437,3.7321749,0.26982552,0.023301966,30.012888
429,21.007202,23.061544,33.615826,37.353584,3.8022816,0.2773202,0.024491891,30.670284
430,21.201084,22.104767,33.94968,38.24217,3.570587,0.2576133,0.024728507,28.847555
431,21.635864,23.217857,31.727966,36.495564,3.8012333,0.2685733,0.02145201,30.411615
432,20.892548,22.390148,33.806633,36.913025,3.6833556,0.25625527,0.025464296,29.796825
433,21.185045,22.813164,32.704872,37.7588,3.652733,0.26654565,0.021854237,29.43971
434,22.257345,23.094526,34.102158,39.228737,3.4897442,0.25483456,0.02317305,28.174162
435,20.85386,22.752121,32.907284,37.139347,3.7933695,0.27004522,0.023752935,30.551062
436,20.551844,22.887539,33.034706,37.60607,3.8537438,0.27244905,0.022158787,30.993067
437,21.07662,22.999348,31.964066,36.26304,3.7203097,0.26787943,0.021957383,29.89062
438,21.898039,22.633879,33.80922,38.90125,3.54237,0.2582948,0.02339454,28.56583
439,21.26517,22.528671,33.41961,38.81469,3.4781542,0.25828794,0.022101313,28.151913
440,20.025099,22.398056,33.353516,38.424366,3.7544663,0.2706548,0.024525635,30.296812
441,20.529106,22.286913,33.291676,38.11701,3.5718067,0.26013464,0.023293361,28.895859
442,20.45035,22.789677,33.44551,38.321777,3.8146129,0.28557608,0.02207347,30.717987
443,20.328566,22.535189,32.676712,36.838844,3.7980475,0.26475036,0.024247743,30.638943
444,20.926952,22.75028,33.76037,40.216385,3.6920366,0.27424154,0.020735964,29.771734
445,20.865755,22.314522,32.33228,36.504154,3.710486,0.24540347,0.025426582,29.923405
446,21.666946,22.20801,34.201492,38.17556,3.5312927,0.25090924,0.024473846,28.516378
447,22.001549,22.948206,34.214237,39.60714,3.4608386,0.25669146,0.02321764,27.963064
448,20.7576,22.602516,32.496315,37.54468,3.696138,0.26561594,0.023251757,29.829184
449,21.318607,22.943089,32.00756,36.89455,3.680126,0.26738077,0.02201891,29.573673
450,20.847422,22.717703,32.58827,36.665825,3.740562,0.266721,0.023306236,30.13375
451,20.75609,22.932486,33.62806,37.6941,3.801674,0.28029108,0.024354637,30.670834
452,20.572695,22.168447,34.293446,39.56678,3.6533344,0.26352847,0.02347204,29.477564
453,20.847765,22.780602,33.28059,38.914288,3.6961753,0.27312493,0.022994086,29.827753
454,20.95508,22.937647,31.700603,36.563522,3.754236,0.27302527,0.021547467,30.141409
455,21.004961,22.346846,32.94994,38.457405,3.502844,0.2613743,0.021952502,28.337265
456,21.3066,22.053825,33.33815,39.055565,3.4792492,0.26222906,0.022000492,28.09551
457,20.880241,22.826246,33.56179,39.1714,3.7136712,0.2788259,0.021991462,29.898758
458,20.953321,22.951542,31.670982,36.577168,3.7670486,0.2714803,0.02178201,30.237646
459,21.346558,22.430407,34.65741,39.113197,3.6258018,0.26434907,0.02505751,29.291431
460,21.135824,21.979795,33.917114,38.620193,3.5521674,0.259462,0.023353584,28.660328
461,20.68322,22.577951,33.29427,38.54244,3.757936,0.2771379,0.021991514,30.282654
462,21.52817,22.54415,33.22543,38.655487,3.5176253,0.25918838,0.023066327,28.374672
463,21.245958,22.568169,34.000053,39.741875,3.482609,0.26233852,0.022522002,28.168615
464,20.943672,22.366615,33.549877,38.69718,3.531427,0.2551058,0.023081519,28.570745
465,21.82144,22.947062,34.11355,39.277557,3.4549153,0.255352,0.022899993,27.970205
466,20.44982,22.828407,34.301327,39.625935,3.8142579,0.287653,0.021755852,30.684898
467,21.340162,22.123138,34.178436,38.438225,3.5248504,0.2515139,0.024034835,28.485596
468,20.812233,22.760801,34.20618,40.24226,3.6778226,0.27108407,0.021569751,29.675262
469,21.470999,22.020363,33.77439,38.075386,3.539969,0.25622267,0.024301067,28.58837
470,20.496386,21.942482,33.504547,38.165993,3.6436002,0.26846275,0.02360133,29.417559
471,21.784029,22.342537,33.75583,39.218784,3.5322068,0.25905973,0.023335926,28.466564
472,21.51581,22.588583,33.41618,36.84598,3.5836794,0.25664896,0.0241884,28.897789
473,20.815544,22.846514,33.590996,38.486088,3.8012037,0.28291085,0.021810554,30.58904
474,20.7246,22.14943,32.698364,37.827465,3.5282784,0.25818253,0.023007646,28.50417
475,21.511185,22.795942,33.669495,39.330513,3.495428,0.26181525,0.0224853,28.274094
476,21.333145,21.99321,33.26143,38.700836,3.4879253,0.26246652,0.022639632,28.12378
477,20.735884,22.101168,33.813896,38.571625,3.5235276,0.25149986,0.022783197,28.541822
478,19.682135,22.014503,33.074604,39.307926,3.7106295,0.27202868,0.021963164,29.929611
479,20.741112,22.153187,32.898396,38.37517,3.5077064,0.25810152,0.02193793,28.38388
480,21.100147,22.597878,32.81938,35.94505,3.717305,0.2582125,0.024748571,29.924894
481,20.878204,22.695684,33.248726,37.63911,3.7600224,0.276029,0.022726282,30.304497
482,21.376896,22.925444,31.87904,36.958603,3.7006593,0.26187715,0.022711113,29.718937
483,20.47074,21.96858,33.399723,37.96952,3.642441,0.26194602,0.024437562,29.458267
484,21.388128,22.451353,33.803905,39.34032,3.4759667,0.25983268,0.022088245,28.10308
485,21.620436,22.219742,34.479965,38.726234,3.4918044,0.25073585,0.023760043,28.239826
486,21.243433,22.32805,33.88451,39.665928,3.4982755,0.26342186,0.02226948,28.2509
487,21.043673,22.995785,31.749052,36.508995,3.7455244,0.27540043,0.020985864,30.060537
488,21.395218,22.753609,32.33847,35.958317,3.6612256,0.25704584,0.023765162,29.413963
489,21.256891,23.683233,35.327072,41.409588,3.8758109,0.28781113,0.022391573,31.134983
490,21.182232,23.522316,32.99913,38.33484,3.9548268,0.27340558,0.022727512,31.74043
491,19.580671,21.993502,32.512497,38.068153,3.7286606,0.26886815,0.023293324,30.123123
492,20.39151,22.23277,32.595463,36.887447,3.6412654,0.2568272,0.02390574,29.427145
493,20.775768,22.790762,33.71825,39.594173,3.7204242,0.27857223,0.021844879,29.955055
494,21.258116,23.18922,32.38962,37.110077,3.8959973,0.26838136,0.023061797,31.249832
495,20.570854,22.667,33.165268,38.63262,3.7453668,0.2733498,0.024066582,30.207281
496,20.319786,22.050495,33.36468,38.566853,3.674838,0.26973313,0.022818856,29.6638
497,19.519453,22.345442,32.800488,37.733482,3.7724977,0.27093315,0.023527049,30.479298
498,20.344606,22.066038,32.970005,37.6602,3.665591,0.26264662,0.024423495,29.659613
499,21.791594,22.06288,34.055847,38.73999,3.5301025,0.25861022,0.023588672,28.459013
500,21.617748,22.976873,32.673874,36.444508,3.5946822,0.26256442,0.022628814,28.906153
501,21.873102,23.026821,33.12036,39.187473,3.5929585,0.27161726,0.021223754,28.95141
502,21.581005,22.672338,33.433167,38.872185,3.489149,0.2596303,0.022401609,28.19977
503,20.904213,22.861025,33.66194,38.92516,3.7267058,0.27468142,0.0236452,30.03767
504,21.429483,22.282553,33.58479,39.26897,3.5029922,0.2629622,0.022859216,28.245335
505,20.862799,22.989641,33.658756,38.904076,3.798155,0.28705096,0.02172777,30.552238
506,21.944916,22.449362,33.51289,38.94185,3.5500891,0.26048163,0.023716904,28.59026
507,21.101177,23.19722,32.796486,37.175426,3.842849,0.27416447,0.023290023,30.88167
508,21.066149,22.844889,33.159023,38.88929,3.7115984,0.28128874,0.022676408,29.838478
509,21.708883,22.324574,33.63136,39.009735,3.5339634,0.26004407,0.02422423,28.493647
510,21.482624,23.745558,33.939445,38.858498,3.9482763,0.28843984,0.023499623,31.7074
511,20.979015,22.097288,34.43053,38.818733,3.6399145,0.26478943,0.02522695,29.413439
512,21.386322,22.480072,32.75519,36.60904,3.6088824,0.2533776,0.0243323,29.0749
513,20.993748,22.861,34.057434,40.43756,3.7335672,0.28562889,0.021692738,30.00752
514,20.666088,23.195501,34.353535,39.60075,3.944149,0.2802817,0.02454625,31.719898
515,21.345882,23.171648,31.875471,36.38798,3.7542086,0.26049528,0.022378907,30.108248
516,20.627062,22.446255,32.94906,36.8988,3.68864,0.25583607,0.024268165,29.768013
517,20.964565,22.302315,34.05674,38.53143,3.5451493,0.25362974,0.023661323,28.695158
518,20.341862,22.68669,33.423187,38.647423,3.8194706,0.2825009,0.022174783,30.75074
519,20.181423,22.160711,33.05244,37.91388,3.6967134,0.2674508,0.024183974,29.885986
520,21.060879,22.48723,32.252476,36.969467,3.568489,0.25983214,0.022720397,28.757215
521,21.064447,22.951553,32.631058,38.119694,3.6989207,0.2800479,0.020549037,29.773533
522,19.834616,22.135822,32.53574,37.44919,3.701943,0.26484957,0.02358365,29.92373
523,20.466385,21.959455,33.129322,37.617878,3.6504245,0.2608119,0.024719894,29.52861
524,19.998375,22.37146,32.531944,36.920376,3.7557201,0.25995266,0.024570383,30.317556
525,21.05441,22.086185,34.305153,38.72064,3.633429,0.2609523,0.026038796,29.366632
526,20.304,22.32371,33.082264,37.885143,3.7703917,0.27692974,0.02289565,30.401455
527,21.031204,22.275736,33.61799,39.152477,3.494938,0.26002538,0.022428595,28.263824
528,21.43784,23.388865,35.440197,41.21233,3.8412793,0.27594474,0.023309574,30.901045
529,20.397808,22.196661,32.670773,37.21888,3.6232898,0.25256562,0.023377158,29.25004
530,21.878218,22.667715,33.92953,39.042645,3.4697795,0.25239813,0.02264253,28.0508
531,21.25255,22.519945,33.998276,39.753178,3.4816124,0.26335883,0.02246102,28.154501
532,21.695612,22.509766,34.08965,39.377483,3.4739969,0.25842044,0.02218344,28.103315
533,21.808588,22.362476,33.90376,39.539642,3.5149586,0.26286787,0.022869512,28.337875
534,20.897753,22.229084,33.105232,38.525276,3.4752312,0.25878444,0.0213928,28.137487
535,20.708464,23.156696,33.740986,37.46907,3.8080525,0.2830595,0.02350653,30.715
536,21.376877,22.72989,33.052658,38.39215,3.6864915,0.27126428,0.021219574,29.663406
537,21.024836,23.289082,33.190357,37.182083,3.826447,0.27664036,0.02451928,30.781515
538,21.14214,22.366905,33.563145,38.880913,3.5260136,0.26106137,0.023197375,28.458183
539,21.285032,22.44905,34.92498,39.1394,3.6202111,0.26331672,0.025055647,29.247688
540,21.21942,22.27095,33.50374,38.07266,3.596337,0.2594649,0.02511713,29.033785
541,20.636988,22.86179,34.149773,39.83959,3.8214917,0.28478378,0.021770068,30.731005
542,20.891928,22.286394,33.200382,38.496563,3.5301619,0.2604401,0.023029044,28.520597
543,20.677538,22.080326,33.787094,38.5164,3.5547354,0.2539837,0.023343235,28.768503
544,20.423,22.928999,33.765404,39.306564,3.8203228,0.28221586,0.022338212,30.786863
545,20.76645,23.136328,34.46485,38.955994,3.913036,0.27437782,0.024473958,31.489834
546,20.852207,22.908655,32.98757,37.685143,3.8169389,0.2623085,0.024002388,30.729992
547,21.190811,21.943865,34.017582,38.733025,3.5502784,0.2579231,0.024109073,28.661903
548,20.988314,22.111319,34.025814,38.224937,3.581633,0.2574168,0.024963804,28.975813
549,20.765306,22.97868,33.90404,37.94852,3.7873735,0.2810982,0.023358606,30.547005
550,21.461634,23.213179,31.80603,36.67168,3.8200192,0.26829797,0.021345422,30.592396
551,21.4484,23.16101,32.252438,37.038925,3.675896,0.2654521,0.022167757,29.558754
552,21.069126,23.175909,34.56617,40.23515,3.8170092,0.27865416,0.023021758,30.73885
553,20.54583,22.625221,32.693344,36.82891,3.8046227,0.26128745,0.02352646,30.655127
554,20.524544,22.81247,33.224476,37.72137,3.763063,0.27435803,0.024452366,30.365925
555,21.00565,22.360035,32.42224,38.039818,3.5919135,0.26693577,0.021862768,28.952614
556,21.457125,22.821295,32.796234,37.06508,3.582403,0.2627445,0.02319736,28.837603
557,21.36454,22.497751,33.885124,39.453327,3.4711409,0.26048747,0.022358477,28.083038
558,19.946676,22.412231,34.095863,40.294495,3.7033074,0.27271736,0.021993652,29.850462
559,20.789228,22.740202,32.97549,38.39784,3.695901,0.26818013,0.023971424,29.80668
560,21.013144,22.227009,34.419357,38.77788,3.6340015,0.26263526,0.025121935,29.369526
561,20.653135,22.767563,33.31722,38.015823,3.8027968,0.2809558,0.02244351,30.643045
562,20.86103,22.257421,32.888206,38.18761,3.536685,0.25945932,0.023196898,28.560703
563,20.637215,22.105501,33.81557,38.072453,3.6352992,0.26117042,0.024442457,29.412477
564,19.943348,22.378847,33.107937,38.504253,3.7634711,0.27189478,0.023951374,30.343746
565,20.895475,22.249857,33.419376,38.575367,3.5468214,0.2603796,0.023837462,28.661158
566,22.197884,23.034868,34.268154,39.709423,3.4684143,0.25768515,0.023091167,28.027918
567,20.895378,23.001362,32.264942,36.852016,3.7211785,0.2775468,0.021215282,29.936111
568,20.253252,22.220871,32.58569,36.96672,3.6497154,0.25727746,0.02405557,29.499332
569,20.843725,22.189018,34.039932,38.66329,3.5399895,0.25369105,0.023282215,28.668734
570,21.530672,22.688236,33.58602,39.15738,3.513327,0.2579067,0.02248843,28.383747
571,20.873192,22.145454,33.834427,38.34644,3.5411718,0.25321382,0.0234287,28.65757
572,20.914934,22.257708,32.792984,37.9074,3.590464,0.26237777,0.023865864,28.98933
573,20.72075,22.396286,33.85515,38.84016,3.6395273,0.2703582,0.02292873,29.381279
574,21.130077,22.395391,33.0826,38.42708,3.520864,0.25694892,0.022596844,28.451754
575,21.986654,22.605528,33.936874,39.614315,3.508797,0.26270148,0.022743918,28.30163
576,20.492533,22.787945,32.390507,37.94276,3.7613096,0.27362412,0.022293143,30.317316
577,21.742796,22.448177,33.07572,37.43636,3.5451472,0.2589534,0.023708478,28.536621
578,21.38661,23.147871,32.1147,36.986626,3.8031664,0.27897826,0.021586865,30.47861
579,21.36105,23.176138,31.922659,36.471474,3.8574097,0.2615259,0.021834463,30.889166
580,21.48895,23.062468,32.8457,38.515156,3.720052,0.27702335,0.02122192,29.890282
581,20.939053,22.843904,32.215992,36.105713,3.7767305,0.26647055,0.023510724,30.350523
582,20.752253,22.032734,33.757572,38.073944,3.588284,0.25331607,0.025234796,29.015316
583,20.855167,22.803076,33.309345,38.527565,3.7352767,0.27314186,0.023757696,30.117981
584,20.950027,22.279633,33.038235,37.06637,3.6360452,0.256698,0.024020888,29.35984
585,21.325106,23.47003,33.60261,38.411003,3.876855,0.2872871,0.022436976,31.150452
586,20.393648,22.591278,32.93754,36.60835,3.7757366,0.25804022,0.024527252,30.465654
587,21.450653,23.222015,32.34801,36.982666,3.6960566,0.2649095,0.022240557,29.71365
588,21.450037,23.280813,32.093983,36.74811,3.8805351,0.2607432,0.021795288,31.070354
589,21.015202,22.58894,31.889942,35.405388,3.7443,0.24354132,0.022595286,30.070513
590,20.8432,22.591364,33.067837,38.47121,3.6949086,0.26643133,0.02439244,29.798521
591,21.385962,23.507254,32.84368,37.73304,3.9365177,0.27357253,0.023254722,31.56483
592,20.80506,22.75949,33.276077,38.1146,3.6947224,0.26681802,0.022854857,29.820576
593,20.883873,22.457026,33.87315,37.218956,3.6421638,0.25145838,0.02580373,29.480125
594,20.898382,22.881079,31.825666,36.690334,3.7542634,0.27560848,0.020903498,30.159506
595,20.517475,22.773907,32.67646,37.212162,3.7835093,0.26516625,0.024090342,30.48839
596,20.822475,22.706108,32.998756,37.190815,3.7730465,0.26432997,0.022784598,30.365332
597,21.192425,22.318663,34.47653,38.61064,3.6335883,0.26234347,0.024879433,29.339096
598,20.275352,22.662313,32.949116,39.159534,3.7670083,0.2817484,0.022066511,30.31518
599,20.315107,22.591763,32.988777,37.563137,3.8080194,0.27262223,0.024030127,30.70597
600,21.558235,22.993433,33.958645,38.901814,3.7367327,0.2728677,0.022016175,30.061998
601,20.869593,22.643682,32.706005,37.450752,3.6841977,0.2574767,0.025391951,29.69217
602,19.634384,22.384314,33.313824,38.473232,3.7591383,0.27430236,0.023021594,30.347334
603,20.79042,22.016342,32.882927,38.562225,3.5091832,0.26031017,0.021776736,28.379732
604,20.783705,22.805193,33.294304,39.250187,3.754142,0.27630928,0.024199575,30.250088
605,20.916853,23.32651,33.159836,38.306038,3.927232,0.28143287,0.024369381,31.595198
606,21.293964,22.96864,31.809267,35.914154,3.7181046,0.24837478,0.023026705,29.841076
607,21.51334,23.458937,32.634415,37.0819,3.9037104,0.268448,0.022426866,31.273722
608,21.040901,23.108194,32.721886,36.46301,3.7432952,0.2694403,0.023605667,30.104763
609,20.7944,22.328852,32.900734,38.262913,3.5761244,0.2595468,0.023856878,28.889992
610,20.712292,22.07982,33.883053,38.577362,3.5401554,0.2518905,0.023292154,28.659674
611,20.422367,22.080538,33.19848,37.430595,3.6521194,0.2599771,0.024451412,29.558012
612,21.288895,22.262161,33.891163,38.44346,3.466154,0.2543774,0.022454873,28.077023
613,20.95105,22.915564,33.951252,39.81114,3.8009923,0.28318918,0.021509662,30.548952
614,20.672419,22.827856,33.51102,37.592045,3.785573,0.27301988,0.024868995,30.546661
615,21.907663,22.137856,34.117085,38.83714,3.5206776,0.25976712,0.02350685,28.376822
616,20.606178,22.199783,32.341984,36.595303,3.6297944,0.25097787,0.024700195,29.292439
617,20.5648,22.803282,33.977016,39.7576,3.7586305,0.28260264,0.02124314,30.264683
618,21.77354,22.19309,33.69491,39.157413,3.5320127,0.262803,0.023145393,28.47025
619,20.776798,23.09322,33.676506,37.437218,3.8058333,0.2826238,0.02374383,30.692867
620,21.531425,23.155445,31.985588,37.332832,3.7292318,0.27670383,0.02117291,29.910805
621,20.41882,22.622292,33.220573,37.690823,3.6957762,0.26991868,0.02453991,29.813583
622,21.11047,23.187033,32.106834,37.226048,3.8385196,0.27384132,0.02218023,30.804913
623,21.841383,23.093037,32.271744,37.85427,3.6475875,0.26490778,0.022400342,29.301619
624,20.578281,22.664192,32.572918,37.178246,3.7793458,0.2633718,0.02471982,30.43604
625,21.11902,22.407064,32.79049,37.637646,3.5583265,0.25197405,0.023918018,28.706076
626,20.924181,22.321548,33.356346,39.21373,3.4838517,0.26493156,0.021668255,28.217419
627,20.281704,22.527094,33.290024,38.190853,3.7784204,0.27588233,0.022724569,30.452015
628,21.41698,22.240583,33.60451,39.35815,3.4952624,0.26410002,0.022919111,28.18769
629,21.189602,22.412628,33.86556,39.633865,3.4838815,0.26275864,0.0220799,28.178698
630,20.548742,22.25494,33.73613,38.623898,3.6538243,0.26955417,0.023436934,29.49664
631,20.879465,22.964422,34.15596,38.41221,3.8349926,0.27236393,0.02495525,30.898287
632,21.389458,22.684904,32.237804,35.1281,3.6878672,0.2587436,0.023113199,29.59419
633,21.401525,23.372217,33.260002,37.937157,3.834905,0.28424284,0.021897383,30.816507
634,21.290504,22.444918,34.3385,37.901752,3.6467206,0.25885457,0.025938772,29.464396
635,20.834156,22.977057,33.42019,38.357185,3.7486064,0.27528667,0.02374845,30.234522
636,20.850945,21.98889,33.24246,37.596867,3.5907876,0.2598737,0.024851888,29.02172
637,21.624575,22.19278,34.450356,38.640038,3.506704,0.25099775,0.023626804,28.339638
638,21.283245,23.523998,33.634624,38.051147,3.909183,0.28436646,0.023196504,31.425268
639,20.750616,22.154531,32.868416,38.197674,3.5055542,0.25838318,0.02188427,28.371088
640,20.895742,22.410215,33.50322,37.959206,3.6640873,0.2600524,0.02383104,29.606682
641,20.786345,22.61162,32.728348,36.99981,3.75965,0.26540866,0.023821697,30.305902
642,21.087803,22.398392,33.01143,38.402447,3.5241075,0.26124802,0.022907004,28.453285
643,21.748089,22.963837,32.377914,37.920025,3.638221,0.2721962,0.021288939,29.232683
644,20.881088,22.79702,33.642834,39.995754,3.6927953,0.2741746,0.020548865,29.776314
645,20.902887,22.60672,31.754211,36.362625,3.6974123,0.24827984,0.0243323,29.747831
646,21.34729,23.296015,32.416977,36.965748,3.8831701,0.27230644,0.022752091,31.132338
647,21.885584,23.048798,32.403034,37.865215,3.6342294,0.26322016,0.022454008,29.202488
648,21.549734,23.663563,35.429913,41.87221,3.8010664,0.27946633,0.022207469,30.583689
649,20.389643,22.239872,33.23054,37.03494,3.741113,0.26047873,0.02400183,30.202353
650,21.102644,22.333584,33.586155,39.122036,3.5165863,0.2603253,0.02290725,28.406115
651,20.809963,22.919964,33.738102,38.92761,3.8291464,0.27185625,0.02387467,30.795963
652,21.406878,22.584135,32.744156,36.70171,3.631057,0.25224125,0.024715409,29.244028
653,20.869638,22.349592,34.041283,38.721073,3.6314747,0.27040783,0.023441978,29.312307
654,20.095907,22.438519,33.014793,38.53048,3.7211628,0.2743063,0.023028888,30.006535
655,20.251614,22.430933,32.60463,37.2373,3.7896507,0.2691724,0.023879804,30.574219
656,20.383009,22.94974,32.626842,38.10451,3.8273206,0.27819243,0.022361882,30.841871
657,21.221449,22.498562,32.347683,36.229576,3.5781457,0.25644618,0.023667984,28.788328
658,21.165527,22.410154,33.0362,38.96256,3.517507,0.26863822,0.021291204,28.422884
659,21.334023,22.930515,32.205456,37.36225,3.6693907,0.2730712,0.021528497,29.491611
660,20.627054,22.161758,33.713814,38.699318,3.6683128,0.2649545,0.023222603,29.594732
661,20.858543,21.989666,33.85048,38.16561,3.577896,0.25427344,0.02523049,28.936913
662,20.386833,22.626205,32.821373,39.195045,3.745176,0.27928206,0.021830626,30.123707
663,20.980349,22.412693,33.20567,38.856922,3.5028372,0.2620399,0.022204801,28.3353
664,20.871557,22.522781,33.783627,39.60968,3.6692648,0.26796612,0.021956444,29.57857
665,20.682518,22.9114,32.298763,37.342636,3.7298796,0.270847,0.022484042,30.043358
666,21.846392,22.546873,33.762386,38.849632,3.536544,0.25811762,0.02328813,28.52563
667,21.433182,22.737963,33.610466,39.23938,3.5084367,0.26214233,0.0224294,28.35491
668,20.998459,22.097836,33.277096,38.667458,3.5408874,0.25716817,0.022568278,28.605804
669,21.141838,22.261124,33.35826,38.872746,3.478973,0.262053,0.022051923,28.125767
670,21.651392,22.751938,33.985073,39.487366,3.4750104,0.25892588,0.022761285,28.09763
671,20.84189,23.05055,33.889957,38.020733,3.7956393,0.28298742,0.023711279,30.608477
672,20.93193,22.590103,33.40414,38.918915,3.6199553,0.26807687,0.021680623,29.231092
673,21.754805,22.409811,33.624733,38.290226,3.547852,0.25556594,0.024085268,28.622334
674,21.076513,22.330963,34.764236,39.056053,3.637639,0.26522568,0.024951272,29.364561
675,22.032835,22.780338,33.98958,39.198444,3.4847066,0.25622293,0.022989966,28.125227
676,20.535526,22.363537,33.919994,39.375328,3.678504,0.2720975,0.023564644,29.665882
677,20.93033,22.031378,33.661507,38.49032,3.568719,0.25930092,0.02466923,28.836306
678,20.4374,22.482918,32.740704,39.253853,3.7207985,0.2787501,0.021847166,29.920956
679,21.16855,22.337973,33.66261,39.360237,3.497925,0.26156372,0.022562705,28.260223
680,20.90228,22.691498,33.0882,38.60189,3.7373047,0.28177696,0.021302402,30.061724
681,20.639864,22.68085,33.311157,38.06642,3.7313237,0.26388955,0.025138877,30.120293
682,21.14102,22.28939,33.520947,38.87476,3.5140908,0.2604072,0.02307456,28.382998
683,20.929193,22.203968,34.088093,37.960846,3.5908928,0.25511682,0.02449949,29.06635
684,21.844994,22.669147,33.98629,39.55451,3.4984174,0.26460478,0.021879986,28.266268
685,21.170637,22.30539,33.250668,38.72626,3.4941897,0.26007155,0.022315755,28.225374
686,20.891459,22.961632,33.772945,38.939198,3.734599,0.27898282,0.023065701,30.082651
687,20.755533,22.866594,33.1256,37.747498,3.8155978,0.26651582,0.025205523,30.738317
688,20.887295,22.66302,33.247833,38.222134,3.6936114,0.2690503,0.022814259,29.787497
689,21.219688,23.266436,32.652855,36.953114,3.8390381,0.27738813,0.022931285,30.829388
690,20.978527,22.33439,32.532375,37.655956,3.5508761,0.26081774,0.022982411,28.639278
691,22.017742,23.032434,34.28687,39.689846,3.4667244,0.25605243,0.023403853,28.023165
692,20.842657,22.50136,33.739563,39.4739,3.6809103,0.26756614,0.022720568,29.675795
693,21.110027,22.917627,32.312744,37.634098,3.7043395,0.2675962,0.022965983,29.80918
694,20.333462,22.382133,33.3572,37.846092,3.6973195,0.26884183,0.023962185,29.886332
695,20.47443,22.634912,32.477856,38.58804,3.7314205,0.27428615,0.023410223,30.042198
696,21.016237,22.20856,33.8231,38.683777,3.5497773,0.25818583,0.024183773,28.689827
697,21.402143,22.75372,33.744747,39.445065,3.4975388,0.26175857,0.022064663,28.303236
698,20.67062,22.784615,33.7015,40.05581,3.7510667,0.28399077,0.02199947,30.153528
699,20.742203,22.038908,33.89646,38.039444,3.6153233,0.25753045,0.02506797,29.249146
700,21.539272,23.087633,32.91746,38.461926,3.6823754,0.2645536,0.023158751,29.683432
701,21.732374,22.261858,34.259956,38.238426,3.5279827,0.25194436,0.024602443,28.493086
702,20.925116,22.91925,32.23481,37.037735,3.7361863,0.28072935,0.020786077,30.03391
703,21.668985,23.371262,31.88817,36.457954,3.8292718,0.26466325,0.021761186,30.636683
704,20.785872,22.606308,31.641182,35.17467,3.7520278,0.26162252,0.02183041,30.09523
705,20.869997,23.0637,34.099747,39.257072,3.7588449,0.28338975,0.022442095,30.25391
706,20.431774,22.579432,32.656796,37.10071,3.7952702,0.27215222,0.023580074,30.600845
707,21.561459,22.013338,34.396255,38.570633,3.5344553,0.25513378,0.024189688,28.545454
708,20.898342,22.817307,31.85666,35.736675,3.8012416,0.26140347,0.022398792,30.48426
709,20.734274,22.739347,32.627377,38.204853,3.8339996,0.2742803,0.023859054,30.854334
710,20.863508,21.999043,33.889927,38.243896,3.5788312,0.25392202,0.025315538,28.919493
711,20.934895,22.998173,33.65715,38.815704,3.7543278,0.2768459,0.023778997,30.267076
712,21.039757,22.423903,33.79492,38.528305,3.5655751,0.25706476,0.024199799,28.835562
713,21.184662,22.488098,32.851383,38.818398,3.5376844,0.2686935,0.020902187,28.599466
714,20.363605,22.560223,33.250614,39.159676,3.7179816,0.27643868,0.022434674,29.924067
715,21.426453,22.598276,33.384785,39.020367,3.5107489,0.26086178,0.022692285,28.354177
716,21.0632,22.2963,33.422977,38.88252,3.4893825,0.2619917,0.02189172,28.22114
717,20.49281,22.630949,33.763744,39.453255,3.7516024,0.28231892,0.021296628,30.205114
718,20.10385,22.238207,32.645126,37.4399,3.7524636,0.26298162,0.02431973,30.295563
719,20.78013,22.083807,32.916134,38.432804,3.50455,0.25898856,0.021691784,28.361843
720,21.552374,23.275991,33.318375,38.75651,3.6564531,0.27465367,0.021568872,29.462578
721,20.747755,22.948446,32.669334,36.6281,3.7940955,0.27300882,0.024040826,30.526701
722,19.505249,21.890232,32.504253,38.33094,3.718832,0.26220167,0.023607314,30.03784
723,21.123775,22.178797,33.5589,39.28856,3.5165384,0.2615165,0.022700906,28.389143
724,21.419016,22.607029,33.096725,38.072353,3.6103997,0.25880694,0.023766197,29.146818
725,20.163195,22.261238,32.939114,38.234848,3.7049325,0.27644008,0.02218587,29.862423
726,20.857733,22.861912,33.27038,39.354908,3.7511268,0.27541503,0.024323046,30.218718
727,20.655664,22.95606,33.456738,38.099495,3.861385,0.2711799,0.02493868,31.106249
728,20.868816,22.282858,33.015476,38.33992,3.4696467,0.2558672,0.021186247,28.134558
729,21.492863,23.304436,32.770763,38.069393,3.6766238,0.27613664,0.020897597,29.600876
730,21.789007,22.214909,34.40926,38.432106,3.5244784,0.2522258,0.02402956,28.476679
731,20.51642,22.722471,33.180626,39.126423,3.7334213,0.2778058,0.022807002,30.055065
732,21.469004,23.050192,32.138042,37.499207,3.6999576,0.27487013,0.021486014,29.702007
733,21.219906,22.374493,34.525974,38.162575,3.6503747,0.2584374,0.026078865,29.50742
734,20.82524,23.190502,34.29441,39.502426,3.887518,0.28338146,0.023237124,31.264921
735,20.940338,22.455917,33.193657,38.782967,3.5124083,0.26284227,0.022166595,28.408115
736,21.693665,22.388231,33.777073,39.2508,3.5063353,0.25980988,0.022625595,28.289354
737,20.954618,22.254213,33.12634,38.63475,3.47167,0.26127198,0.021704026,28.120892
738,20.863882,23.111063,33.703526,38.77705,3.7434447,0.2793706,0.022929758,30.153772
739,20.29473,22.374514,32.585888,37.239532,3.7802734,0.26839688,0.024184778,30.493036
740,20.832033,23.042665,32.92611,36.420925,3.7643712,0.2724345,0.02334787,30.296576
741,20.32186,22.164505,32.99851,37.394608,3.6745503,0.26299357,0.02408062,29.74507
742,20.281942,22.666801,32.861736,37.862045,3.806051,0.2768956,0.023083165,30.678314
743,20.386908,22.09182,33.18713,37.71153,3.6564212,0.26237452,0.024529725,29.577547
744,21.47484,23.154497,32.349823,37.731144,3.7056835,0.27525505,0.020787977,29.80358
745,21.329626,22.430038,33.674595,37.312393,3.586475,0.25244442,0.025397114,28.950068
746,20.719404,22.061752,33.008804,38.47156,3.4869478,0.25650212,0.021360956,28.23118
747,21.826687,22.516459,34.04263,39.3201,3.515931,0.25762042,0.02302014,28.375914
748,20.536758,22.895144,32.49344,37.26903,3.816512,0.26704785,0.022939235,30.735287
749,20.605024,22.426159,32.559925,35.959896,3.6830766,0.25599134,0.024820536,29.714243
750,20.808506,22.620113,33.022224,38.359283,3.7063863,0.26960462,0.023904204,29.884943
751,20.876526,22.232124,33.598392,39.283783,3.5054865,0.26055905,0.02229622,28.343746
752,20.624598,22.55365,32.90316,37.105755,3.7295833,0.25637636,0.024837054,30.081745
753,21.022297,23.459854,34.59881,39.910202,3.9196725,0.28504452,0.02419985,31.526577
754,20.608807,22.258665,32.97892,38.30322,3.5596104,0.2599661,0.023111142,28.748405
755,21.81962,23.123343,32.364502,37.937027,3.660976,0.27297518,0.021394983,29.394228
756,21.453894,22.463163,33.49636,38.018963,3.5499244,0.2570413,0.023915716,28.677374
757,20.669935,22.864227,34.10567,39.894016,3.7717595,0.28455597,0.021489352,30.34716
758,20.256578,22.369701,32.599922,37.343296,3.7762718,0.26543424,0.023942493,30.463993
759,21.080238,21.90376,33.885567,38.775833,3.5556915,0.25912428,0.023885801,28.707867
760,21.013527,22.994799,32.534355,37.947346,3.71716,0.2705236,0.023019373,29.933762
761,20.700907,22.938177,33.493652,37.983685,3.8020246,0.28298363,0.023274355,30.629347
762,19.553322,22.060669,32.69907,38.223278,3.7194102,0.26409832,0.02324421,30.039356
763,21.315943,23.471952,32.926712,37.784187,3.9405513,0.2734653,0.02327285,31.611385
764,20.159664,22.792015,33.50359,38.10124,3.879713,0.27578738,0.021606572,31.215137
765,20.604507,22.298416,32.983704,38.23551,3.5781977,0.25970262,0.023388885,28.933216
766,21.930895,22.986414,34.125954,39.321865,3.4562469,0.253363,0.023077905,27.965494
767,21.8897,22.265162,34.19812,38.91902,3.4940917,0.25771993,0.023039259,28.207169
768,21.67754,22.741468,33.285755,36.80121,3.5818233,0.2591303,0.0235947,28.862288
769,21.07174,22.087255,33.551254,39.087353,3.4863844,0.2608903,0.02202589,28.167706
770,20.717625,23.067566,33.791626,37.972588,3.7560992,0.28198847,0.023308448,30.296505
771,20.364628,22.53534,32.775852,38.76363,3.725988,0.27340567,0.023498274,30.03213
772,20.97409,22.659407,31.893827,35.923286,3.6092849,0.25785637,0.023193851,29.045868
773,20.690027,22.27529,33.86636,38.546158,3.6151652,0.26166502,0.023106404,29.238785
774,21.046448,22.309881,33.64023,39.15872,3.5146623,0.25931704,0.022817776,28.398176
775,21.096775,22.438034,34.706852,39.014385,3.6259754,0.26315147,0.024873786,29.296898
776,20.824797,23.15167,34.27271,38.84941,3.907411,0.2696566,0.024470568,31.455057
777,19.693178,22.391201,33.028786,37.67163,3.8015363,0.26692274,0.02285479,30.66447
778,22.100197,23.003883,34.06249,39.271217,3.5192437,0.25655776,0.023806192,28.384365
779,21.441383,23.21978,31.934233,36.56504,3.7993553,0.27271414,0.021470852,30.434006
780,21.251236,22.94647,33.136135,39.313217,3.6513948,0.27305514,0.020463832,29.448328
781,21.187962,23.024824,31.626087,35.945328,3.725248,0.26559818,0.021713495,29.88054
782,21.162733,22.33319,33.348846,38.5111,3.5001464,0.25858703,0.022736847,28.284618
783,22.276678,22.362532,34.274532,39.98367,3.5070395,0.2643753,0.022946991,28.263803
784,20.768805,22.935654,32.67065,37.37825,3.8320856,0.26687348,0.023949414,30.858356
785,20.736195,22.71753,32.263996,36.089176,3.7738976,0.25846127,0.023487657,30.366652
786,21.050611,22.163218,34.453705,38.681786,3.6386964,0.25978202,0.025918327,29.410292
787,21.436232,23.186487,31.763227,36.681133,3.7689455,0.2744708,0.021317497,30.186945
788,20.256952,21.960468,33.38443,38.995243,3.655291,0.26458538,0.0222558,29.488314
789,20.857515,23.166723,32.911266,38.056477,3.86528,0.2790187,0.023662306,31.111399
790,22.368765,22.30717,33.91752,38.994095,3.5210228,0.26228487,0.0233353,28.341076
791,20.33155,22.570047,33.402718,38.345726,3.7898917,0.2783906,0.022885032,30.52423
792,21.423752,23.183521,31.767796,36.170837,3.7218535,0.2671792,0.021748133,29.835745
793,21.940054,22.550184,33.64654,38.365982,3.5214586,0.25710076,0.023484997,28.395796
794,20.957293,23.447947,35.148754,40.8844,3.9292362,0.286187,0.022763625,31.538372
795,21.770132,23.355392,31.853193,36.66657,3.7718956,0.26291555,0.022083312,30.191036
